{
  "nationalForecast": {
    "current": {
      "resilienceIndex": 74,
      "riskLevel": "medium",
      "confidence": 92
    },
    "forecast30": {
      "resilienceIndex": 72,
      "riskLevel": "medium",
      "confidence": 88,
      "changePercent": -2.7
    },
    "forecast60": {
      "resilienceIndex": 69,
      "riskLevel": "high",
      "confidence": 82,
      "changePercent": -6.8
    },
    "forecast90": {
      "resilienceIndex": 71,
      "riskLevel": "medium",
      "confidence": 75,
      "changePercent": -4.1
    }
  },
  "stateForecast": {
    "california": {
      "current": {
        "resilienceIndex": 78,
        "riskLevel": "high",
        "confidence": 94
      },
      "forecast30": {
        "resilienceIndex": 76,
        "riskLevel": "high",
        "confidence": 89,
        "changePercent": -2.6
      },
      "forecast60": {
        "resilienceIndex": 74,
        "riskLevel": "high",
        "confidence": 84,
        "changePercent": -5.1
      },
      "forecast90": {
        "resilienceIndex": 77,
        "riskLevel": "high",
        "confidence": 78,
        "changePercent": -1.3
      },
      "topRiskFactors": [
        {
          "factor": "Climate Exposure",
          "impact": 85,
          "description": "Wildfire season and drought conditions"
        },
        {
          "factor": "Infrastructure Strain",
          "impact": 72,
          "description": "Power grid vulnerability during peak demand"
        },
        {
          "factor": "Economic Volatility",
          "impact": 68,
          "description": "Tech sector fluctuations affecting state revenue"
        }
      ],
      "aiRecommendations": [
        {
          "priority": "high",
          "action": "Increase emergency water reserves by 25%",
          "timeline": "30 days",
          "costAvoidance": 450000000
        },
        {
          "priority": "medium",
          "action": "Deploy additional mobile medical units to high-risk counties",
          "timeline": "45 days",
          "costAvoidance": 180000000
        },
        {
          "priority": "medium",
          "action": "Strengthen power grid redundancy in wildfire zones",
          "timeline": "90 days",
          "costAvoidance": 750000000
        }
      ],
      "narrative": "California's resilience is projected to face moderate decline over the next 60 days due to intensifying wildfire season and infrastructure strain. However, recovery is expected by day 90 with proper intervention deployment."
    },
    "florida": {
      "current": {
        "resilienceIndex": 70,
        "riskLevel": "critical",
        "confidence": 91
      },
      "forecast30": {
        "resilienceIndex": 65,
        "riskLevel": "critical",
        "confidence": 87,
        "changePercent": -7.1
      },
      "forecast60": {
        "resilienceIndex": 62,
        "riskLevel": "critical",
        "confidence": 81,
        "changePercent": -11.4
      },
      "forecast90": {
        "resilienceIndex": 68,
        "riskLevel": "critical",
        "confidence": 74,
        "changePercent": -2.9
      },
      "topRiskFactors": [
        {
          "factor": "Hurricane Season",
          "impact": 92,
          "description": "Peak hurricane activity expected through October"
        },
        {
          "factor": "Healthcare System Strain",
          "impact": 78,
          "description": "Hospital capacity stress in coastal regions"
        },
        {
          "factor": "Sea Level Rise",
          "impact": 71,
          "description": "Accelerating coastal infrastructure vulnerability"
        }
      ],
      "aiRecommendations": [
        {
          "priority": "critical",
          "action": "Pre-position emergency supplies in hurricane-prone counties",
          "timeline": "15 days",
          "costAvoidance": 890000000
        },
        {
          "priority": "high",
          "action": "Activate additional hospital surge capacity",
          "timeline": "30 days",
          "costAvoidance": 320000000
        },
        {
          "priority": "high",
          "action": "Reinforce coastal evacuation routes",
          "timeline": "60 days",
          "costAvoidance": 1200000000
        }
      ],
      "narrative": "Florida faces significant resilience challenges through hurricane season with an 11% projected decline by day 60. Critical interventions in emergency preparedness and healthcare capacity are essential for recovery."
    },
    "texas": {
      "current": {
        "resilienceIndex": 72,
        "riskLevel": "high",
        "confidence": 89
      },
      "forecast30": {
        "resilienceIndex": 70,
        "riskLevel": "high",
        "confidence": 85,
        "changePercent": -2.8
      },
      "forecast60": {
        "resilienceIndex": 68,
        "riskLevel": "high",
        "confidence": 79,
        "changePercent": -5.6
      },
      "forecast90": {
        "resilienceIndex": 73,
        "riskLevel": "high",
        "confidence": 72,
        "changePercent": 1.4
      },
      "topRiskFactors": [
        {
          "factor": "Extreme Weather",
          "impact": 88,
          "description": "Heat waves and severe storm systems"
        },
        {
          "factor": "Energy Grid Stability",
          "impact": 76,
          "description": "Peak demand stress on electrical infrastructure"
        },
        {
          "factor": "Border Security Impact",
          "impact": 64,
          "description": "Resource allocation for border management"
        }
      ],
      "aiRecommendations": [
        {
          "priority": "high",
          "action": "Increase portable generator inventory by 15%",
          "timeline": "30 days",
          "costAvoidance": 380000000
        },
        {
          "priority": "medium",
          "action": "Expand cooling center capacity in urban areas",
          "timeline": "45 days",
          "costAvoidance": 150000000
        },
        {
          "priority": "medium",
          "action": "Strengthen rural healthcare network connectivity",
          "timeline": "75 days",
          "costAvoidance": 290000000
        }
      ],
      "narrative": "Texas resilience shows moderate decline through summer months due to extreme weather and grid stress, with recovery projected by day 90 following infrastructure improvements."
    }
  },
  "historicalData": {
    "national": [
      { "date": "2024-01-01", "resilienceIndex": 76, "riskLevel": "medium" },
      { "date": "2024-02-01", "resilienceIndex": 75, "riskLevel": "medium" },
      { "date": "2024-03-01", "resilienceIndex": 74, "riskLevel": "medium" },
      { "date": "2024-04-01", "resilienceIndex": 73, "riskLevel": "medium" },
      { "date": "2024-05-01", "resilienceIndex": 74, "riskLevel": "medium" },
      { "date": "2024-06-01", "resilienceIndex": 72, "riskLevel": "medium" },
      { "date": "2024-07-01", "resilienceIndex": 71, "riskLevel": "medium" },
      { "date": "2024-08-01", "resilienceIndex": 74, "riskLevel": "medium" }
    ]
  }
}
