{
  "type": "FeatureCollection",
  "features": [
    {
      "type": "Feature",
      "properties": {
        "NAME": "California",
        "STUSPS": "CA"
      },
      "geometry": {
        "type": "Polygon",
        "coordinates": [
          [
            [-124.409591, 32.534156],
            [-124.409591, 42.009518],
            [-114.131211, 42.009518],
            [-114.131211, 32.534156],
            [-124.409591, 32.534156]
          ]
        ]
      }
    },
    {
      "type": "Feature",
      "properties": {
        "NAME": "Texas",
        "STUSPS": "TX"
      },
      "geometry": {
        "type": "Polygon",
        "coordinates": [
          [
            [-106.645646, 25.837377],
            [-106.645646, 36.500704],
            [-93.508292, 36.500704],
            [-93.508292, 25.837377],
            [-106.645646, 25.837377]
          ]
        ]
      }
    },
    {
      "type": "Feature",
      "properties": {
        "NAME": "Florida",
        "STUSPS": "FL"
      },
      "geometry": {
        "type": "Polygon",
        "coordinates": [
          [
            [-87.634938, 24.523096],
            [-87.634938, 31.000888],
            [-80.031362, 31.000888],
            [-80.031362, 24.523096],
            [-87.634938, 24.523096]
          ]
        ]
      }
    },
    {
      "type": "Feature",
      "properties": {
        "NAME": "New York",
        "STUSPS": "NY"
      },
      "geometry": {
        "type": "Polygon",
        "coordinates": [
          [
            [-79.762152, 40.496103],
            [-79.762152, 45.015865],
            [-71.856214, 45.015865],
            [-71.856214, 40.496103],
            [-79.762152, 40.496103]
          ]
        ]
      }
    },
    {
      "type": "Feature",
      "properties": {
        "NAME": "Pennsylvania",
        "STUSPS": "PA"
      },
      "geometry": {
        "type": "Polygon",
        "coordinates": [
          [
            [-80.519891, 39.719799],
            [-80.519891, 42.516072],
            [-74.689516, 42.516072],
            [-74.689516, 39.719799],
            [-80.519891, 39.719799]
          ]
        ]
      }
    }
  ]
}
